Renters_percent,avgCommuteTime,medHouseIncome,medianSalePrice,neighborhood,url_OwnersvsRenters
0.69060359,34.6301051,37298.22301,319500,Logan Square,http://www.zillow.com/app?chartType=home_ownVsRent&graphType=barChart&regionId=269592&regionType=8&service=chart
,,,205000,Little Village,http://www.zillow.com/app?chartType=home_ownVsRent&graphType=barChart&regionId=403117&regionType=8&service=chart
,,,117600,West Rogers Park,http://www.zillow.com/app?chartType=home_ownVsRent&graphType=barChart&regionId=403169&regionType=8&service=chart
0.36076799,34.99717798,39512.37295,145000,Archer Heights,http://www.zillow.com/app?chartType=home_ownVsRent&graphType=barChart&regionId=269568&regionType=8&service=chart
,,,200000,South Austin,http://www.zillow.com/app?chartType=home_ownVsRent&graphType=barChart&regionId=403120&regionType=8&service=chart
0.80971598,37.05542094,31957.59068,179400,Rogers Park,http://www.zillow.com/app?chartType=home_ownVsRent&graphType=barChart&regionId=269605&regionType=8&service=chart
0.59329195,36.37832955,43937.02845,236300,Albany Park,http://www.zillow.com/app?chartType=home_ownVsRent&graphType=barChart&regionId=269566&regionType=8&service=chart
0.68821487,35.37718072,47835.52292,413300,Lake View,http://www.zillow.com/app?chartType=home_ownVsRent&graphType=barChart&regionId=269589&regionType=8&service=chart
0.64637478,41.65369508,20690.53614,47000,Englewood,http://www.zillow.com/app?chartType=home_ownVsRent&graphType=barChart&regionId=138261&regionType=8&service=chart
0.40346195,41.40061563,37031.62178,86900,Gresham,http://www.zillow.com/app?chartType=home_ownVsRent&graphType=barChart&regionId=269571&regionType=8&service=chart
0.48722458,35.48799332,36019.07075,100000,Brighton Park,http://www.zillow.com/app?chartType=home_ownVsRent&graphType=barChart&regionId=273040&regionType=8&service=chart
0.76885662,39.64601892,29301.38219,76500,South Shore,http://www.zillow.com/app?chartType=home_ownVsRent&graphType=barChart&regionId=269608&regionType=8&service=chart
0.40926895,34.97888366,46523.88994,282500,Portage Park,http://www.zillow.com/app?chartType=home_ownVsRent&graphType=barChart&regionId=275083&regionType=8&service=chart
0.31954112,33.54463722,50120.88279,276200,Jefferson Park,http://www.zillow.com/app?chartType=home_ownVsRent&graphType=barChart&regionId=269588&regionType=8&service=chart
0.60126089,36.92965656,29245.31149,265000,Humboldt Park,http://www.zillow.com/app?chartType=home_ownVsRent&graphType=barChart&regionId=269585&regionType=8&service=chart
,,,170000,Back of the Yards,http://www.zillow.com/app?chartType=home_ownVsRent&graphType=barChart&regionId=403146&regionType=8&service=chart
0.37945744,37.13402518,36499.2144,85000,Gage Park,http://www.zillow.com/app?chartType=home_ownVsRent&graphType=barChart&regionId=269582&regionType=8&service=chart
,,,201000,Cragin,http://www.zillow.com/app?chartType=home_ownVsRent&graphType=barChart&regionId=28173&regionType=8&service=chart
0.57248692,31.66701972,37010.54476,372600,Bridgeport,http://www.zillow.com/app?chartType=home_ownVsRent&graphType=barChart&regionId=273035&regionType=8&service=chart
,,,238300,Lake View East,http://www.zillow.com/app?chartType=home_ownVsRent&graphType=barChart&regionId=403295&regionType=8&service=chart
,,,317100,South Loop,http://www.zillow.com/app?chartType=home_ownVsRent&graphType=barChart&regionId=269607&regionType=8&service=chart
0.16285413,34.70480385,48241.135,142500,West Lawn,http://www.zillow.com/app?chartType=home_ownVsRent&graphType=barChart&regionId=269614&regionType=8&service=chart
,,,151400,Edgewater Beach,http://www.zillow.com/app?chartType=home_ownVsRent&graphType=barChart&regionId=403257&regionType=8&service=chart
,,,138000,Marquette Park,http://www.zillow.com/app?chartType=home_ownVsRent&graphType=barChart&regionId=403148&regionType=8&service=chart
,,,219000,Bronzeville,http://www.zillow.com/app?chartType=home_ownVsRent&graphType=barChart&regionId=403145&regionType=8&service=chart
,,,320600,Gold Coast,http://www.zillow.com/app?chartType=home_ownVsRent&graphType=barChart&regionId=403303&regionType=8&service=chart
,,,216000,Belmont Central,http://www.zillow.com/app?chartType=home_ownVsRent&graphType=barChart&regionId=403109&regionType=8&service=chart
0.47124188,42.52469882,33253.42569,145000,South Chicago,http://www.zillow.com/app?chartType=home_ownVsRent&graphType=barChart&regionId=140437&regionType=8&service=chart
0.24552482,44.09002901,43430.41756,129000,West Pullman,http://www.zillow.com/app?chartType=home_ownVsRent&graphType=barChart&regionId=140913&regionType=8&service=chart
0.14806682,36.37635665,47431.61818,205000,Garfield Ridge,http://www.zillow.com/app?chartType=home_ownVsRent&graphType=barChart&regionId=269584&regionType=8&service=chart
,,,296100,Ravenswood,http://www.zillow.com/app?chartType=home_ownVsRent&graphType=barChart&regionId=33597&regionType=8&service=chart
0.39442183,42.8900619,27728.75316,153500,West Englewood,http://www.zillow.com/app?chartType=home_ownVsRent&graphType=barChart&regionId=269612&regionType=8&service=chart
0.66511557,30.56942903,45141.77792,371500,West Town,http://www.zillow.com/app?chartType=home_ownVsRent&graphType=barChart&regionId=269615&regionType=8&service=chart
,,,316500,North Austin,http://www.zillow.com/app?chartType=home_ownVsRent&graphType=barChart&regionId=403323&regionType=8&service=chart
0.66330859,35.75272538,36799.46306,235000,Uptown,http://www.zillow.com/app?chartType=home_ownVsRent&graphType=barChart&regionId=269609&regionType=8&service=chart
0.51189023,26.25747869,65137.75097,333500,Near North,http://www.zillow.com/app?chartType=home_ownVsRent&graphType=barChart&regionId=269597&regionType=8&service=chart
0.70249383,35.42302053,26996.16302,230000,East Garfield Park,http://www.zillow.com/app?chartType=home_ownVsRent&graphType=barChart&regionId=269577&regionType=8&service=chart
0.32687075,41.61716195,39527.67458,138200,Roseland,http://www.zillow.com/app?chartType=home_ownVsRent&graphType=barChart&regionId=275251&regionType=8&service=chart
0.24838644,33.78146246,40117.09874,83200,East Side,http://www.zillow.com/app?chartType=home_ownVsRent&graphType=barChart&regionId=138166&regionType=8&service=chart
0.53959079,35.92831846,38295.17315,0,Hermosa,http://www.zillow.com/app?chartType=home_ownVsRent&graphType=barChart&regionId=273964&regionType=8&service=chart
0.53511026,39.59739692,34536.6082,139000,Chatham,http://www.zillow.com/app?chartType=home_ownVsRent&graphType=barChart&regionId=273222&regionType=8&service=chart
0.66162183,28.35436342,39468.50535,270000,Hyde Park,http://www.zillow.com/app?chartType=home_ownVsRent&graphType=barChart&regionId=269586&regionType=8&service=chart
,,,0,Heart of Chicago,http://www.zillow.com/app?chartType=home_ownVsRent&graphType=barChart&regionId=403330&regionType=8&service=chart
0.19635836,33.33046843,46268.5412,151000,West Elsdon,http://www.zillow.com/app?chartType=home_ownVsRent&graphType=barChart&regionId=269611&regionType=8&service=chart
0.4408414,39.53654437,37071.52745,199000,Chicago Lawn,http://www.zillow.com/app?chartType=home_ownVsRent&graphType=barChart&regionId=269576&regionType=8&service=chart
,,,441600,Bucktown,http://www.zillow.com/app?chartType=home_ownVsRent&graphType=barChart&regionId=137603&regionType=8&service=chart
0.61520646,35.36147807,37026.15836,310400,Avondale,http://www.zillow.com/app?chartType=home_ownVsRent&graphType=barChart&regionId=269573&regionType=8&service=chart
0.23426147,38.13106267,51515.18388,143500,Morgan Park,http://www.zillow.com/app?chartType=home_ownVsRent&graphType=barChart&regionId=269595&regionType=8&service=chart
0.11655274,33.36334207,57593.59307,235000,Mount Greenwood,http://www.zillow.com/app?chartType=home_ownVsRent&graphType=barChart&regionId=269596&regionType=8&service=chart
0.32220814,35.92419337,48287.68873,171500,Montclare,http://www.zillow.com/app?chartType=home_ownVsRent&graphType=barChart&regionId=274579&regionType=8&service=chart
,,,267300,University Village - Little Italy,http://www.zillow.com/app?chartType=home_ownVsRent&graphType=barChart&regionId=403141&regionType=8&service=chart
0.24831213,34.88797233,46677.98501,190400,Clearing (W),http://www.zillow.com/app?chartType=home_ownVsRent&graphType=barChart&regionId=137841&regionType=8&service=chart
,,,165000,Park Manor,http://www.zillow.com/app?chartType=home_ownVsRent&graphType=barChart&regionId=403356&regionType=8&service=chart
0.6142957,34.39114212,43930,88000,O'Hare,http://www.zillow.com/app?chartType=home_ownVsRent&graphType=barChart&regionId=269603&regionType=8&service=chart
0.66718857,37.21089966,24171.28505,0,West Garfield Park,http://www.zillow.com/app?chartType=home_ownVsRent&graphType=barChart&regionId=269613&regionType=8&service=chart
,,,236000,Galewood,http://www.zillow.com/app?chartType=home_ownVsRent&graphType=barChart&regionId=403325&regionType=8&service=chart
0.62092388,32.5312158,63738.49111,522100,Lincoln Park,http://www.zillow.com/app?chartType=home_ownVsRent&graphType=barChart&regionId=269590&regionType=8&service=chart
0.77964153,38.9016718,20555.30015,255000,Woodlawn,http://www.zillow.com/app?chartType=home_ownVsRent&graphType=barChart&regionId=276138&regionType=8&service=chart
,,,190000,West Humboldt Park,http://www.zillow.com/app?chartType=home_ownVsRent&graphType=barChart&regionId=403318&regionType=8&service=chart
,,,162000,Scottsdale,http://www.zillow.com/app?chartType=home_ownVsRent&graphType=barChart&regionId=403367&regionType=8&service=chart
0.57902429,25.88775535,60963.40658,376800,Near West Side,http://www.zillow.com/app?chartType=home_ownVsRent&graphType=barChart&regionId=269599&regionType=8&service=chart
0.59861088,35.63593821,42193.55414,245000,Irving Park,http://www.zillow.com/app?chartType=home_ownVsRent&graphType=barChart&regionId=269587&regionType=8&service=chart
0.5574015,34.5551153,54387.51388,436800,North Center,http://www.zillow.com/app?chartType=home_ownVsRent&graphType=barChart&regionId=269600&regionType=8&service=chart
0.08579398,36.57704623,54594.15146,140000,Ashburn,http://www.zillow.com/app?chartType=home_ownVsRent&graphType=barChart&regionId=269570&regionType=8&service=chart
0.47260035,32.82949158,37672.50015,208000,McKinley Park,http://www.zillow.com/app?chartType=home_ownVsRent&graphType=barChart&regionId=139408&regionType=8&service=chart
,,,279700,Belmont Gardens,http://www.zillow.com/app?chartType=home_ownVsRent&graphType=barChart&regionId=403317&regionType=8&service=chart
0.16596094,37.01533573,69338.66257,318100,Beverly,http://www.zillow.com/app?chartType=home_ownVsRent&graphType=barChart&regionId=272951&regionType=8&service=chart
,,,160400,Brainerd,http://www.zillow.com/app?chartType=home_ownVsRent&graphType=barChart&regionId=403378&regionType=8&service=chart
,,,169000,Belmont Heights,http://www.zillow.com/app?chartType=home_ownVsRent&graphType=barChart&regionId=403283&regionType=8&service=chart
,,,0,Pilsen,http://www.zillow.com/app?chartType=home_ownVsRent&graphType=barChart&regionId=33420&regionType=8&service=chart
,,,386000,Park West,http://www.zillow.com/app?chartType=home_ownVsRent&graphType=barChart&regionId=403308&regionType=8&service=chart
0.15414273,40.40879633,49744.47986,165500,Calumet Heights,http://www.zillow.com/app?chartType=home_ownVsRent&graphType=barChart&regionId=273111&regionType=8&service=chart
,,,270000,Old Irving Park,http://www.zillow.com/app?chartType=home_ownVsRent&graphType=barChart&regionId=403288&regionType=8&service=chart
0.6860057,38.07981796,32191.68488,319400,Edgewater,http://www.zillow.com/app?chartType=home_ownVsRent&graphType=barChart&regionId=269578&regionType=8&service=chart
0.1965108,31.59447682,53936.26237,273000,Norwood Park East,http://www.zillow.com/app?chartType=home_ownVsRent&graphType=barChart&regionId=269602&regionType=8&service=chart
0.57513089,39.76418028,31139.69207,173000,Grand Crossing,http://www.zillow.com/app?chartType=home_ownVsRent&graphType=barChart&regionId=276349&regionType=8&service=chart
,,,234200,Buena Park,http://www.zillow.com/app?chartType=home_ownVsRent&graphType=barChart&regionId=403264&regionType=8&service=chart
0.51575493,24.44641711,67728.03431,333800,The Loop,http://www.zillow.com/app?chartType=home_ownVsRent&graphType=barChart&regionId=269593&regionType=8&service=chart
0.2170924,31.17194368,55502.29752,291000,Edison Park,http://www.zillow.com/app?chartType=home_ownVsRent&graphType=barChart&regionId=269579&regionType=8&service=chart
,,,459700,Wicker Park,http://www.zillow.com/app?chartType=home_ownVsRent&graphType=barChart&regionId=7930&regionType=8&service=chart
0.89501863,42.55383448,16877.13876,209000,Washington Park,http://www.zillow.com/app?chartType=home_ownVsRent&graphType=barChart&regionId=275927&regionType=8&service=chart
,,,480400,Sheffield Neighbors,http://www.zillow.com/app?chartType=home_ownVsRent&graphType=barChart&regionId=403306&regionType=8&service=chart
,,,229300,East Hyde Park,http://www.zillow.com/app?chartType=home_ownVsRent&graphType=barChart&regionId=403352&regionType=8&service=chart
,,,361100,Old Town,http://www.zillow.com/app?chartType=home_ownVsRent&graphType=barChart&regionId=403301&regionType=8&service=chart
0.22175031,34.13459788,42795.34555,112500,Hegewisch,http://www.zillow.com/app?chartType=home_ownVsRent&graphType=barChart&regionId=138732&regionType=8&service=chart
,,,136500,Fernwood,http://www.zillow.com/app?chartType=home_ownVsRent&graphType=barChart&regionId=403377&regionType=8&service=chart
,,,409300,Roscoe Village,http://www.zillow.com/app?chartType=home_ownVsRent&graphType=barChart&regionId=403292&regionType=8&service=chart
0.33333333,43.42349727,34853,175000,Burnside,http://www.zillow.com/app?chartType=home_ownVsRent&graphType=barChart&regionId=137634&regionType=8&service=chart
,,,145500,Budlong Woods,http://www.zillow.com/app?chartType=home_ownVsRent&graphType=barChart&regionId=403262&regionType=8&service=chart
,,,454600,Wrightwood Neighbors,http://www.zillow.com/app?chartType=home_ownVsRent&graphType=barChart&regionId=403307&regionType=8&service=chart
,,,243000,Wrightwood,http://www.zillow.com/app?chartType=home_ownVsRent&graphType=barChart&regionId=403151&regionType=8&service=chart
,,,163600,Rosemoor,http://www.zillow.com/app?chartType=home_ownVsRent&graphType=barChart&regionId=403379&regionType=8&service=chart
,,,433800,Noble Square,http://www.zillow.com/app?chartType=home_ownVsRent&graphType=barChart&regionId=403310&regionType=8&service=chart
,,,0,West Woodlawn,http://www.zillow.com/app?chartType=home_ownVsRent&graphType=barChart&regionId=403353&regionType=8&service=chart
,,,376300,River North,http://www.zillow.com/app?chartType=home_ownVsRent&graphType=barChart&regionId=403300&regionType=8&service=chart
,,,340000,Palmer Square,http://www.zillow.com/app?chartType=home_ownVsRent&graphType=barChart&regionId=403314&regionType=8&service=chart
,,,385400,Old Town Triangle,http://www.zillow.com/app?chartType=home_ownVsRent&graphType=barChart&regionId=403304&regionType=8&service=chart
,,,0,Mayfair,http://www.zillow.com/app?chartType=home_ownVsRent&graphType=barChart&regionId=403286&regionType=8&service=chart
,,,170000,Longwood Manor,http://www.zillow.com/app?chartType=home_ownVsRent&graphType=barChart&regionId=403376&regionType=8&service=chart
,,,0,North Mayfair,http://www.zillow.com/app?chartType=home_ownVsRent&graphType=barChart&regionId=403271&regionType=8&service=chart
,,,220000,Schorsch Village,http://www.zillow.com/app?chartType=home_ownVsRent&graphType=barChart&regionId=403284&regionType=8&service=chart
,,,460100,East Ukrainian Village,http://www.zillow.com/app?chartType=home_ownVsRent&graphType=barChart&regionId=403311&regionType=8&service=chart
,,,142300,Margate Park,http://www.zillow.com/app?chartType=home_ownVsRent&graphType=barChart&regionId=403266&regionType=8&service=chart
,,,570000,Sauganash,http://www.zillow.com/app?chartType=home_ownVsRent&graphType=barChart&regionId=140292&regionType=8&service=chart
0.66538232,31.717931,44774.42533,130000,Kenwood,http://www.zillow.com/app?chartType=home_ownVsRent&graphType=barChart&regionId=274178&regionType=8&service=chart
,,,320000,Kilbourn Park,http://www.zillow.com/app?chartType=home_ownVsRent&graphType=barChart&regionId=403287&regionType=8&service=chart
0.20514557,35.09564481,49579.83643,220000,Dunning,http://www.zillow.com/app?chartType=home_ownVsRent&graphType=barChart&regionId=138129&regionType=8&service=chart
,,,267000,Norwood Park West,http://www.zillow.com/app?chartType=home_ownVsRent&graphType=barChart&regionId=403276&regionType=8&service=chart
,,,193000,Sheridan Park,http://www.zillow.com/app?chartType=home_ownVsRent&graphType=barChart&regionId=403265&regionType=8&service=chart
,,,0,Hollywood Park,http://www.zillow.com/app?chartType=home_ownVsRent&graphType=barChart&regionId=403268&regionType=8&service=chart
0.43310934,32.72216563,49853.35339,390000,North Park,http://www.zillow.com/app?chartType=home_ownVsRent&graphType=barChart&regionId=276477&regionType=8&service=chart
,,,0,East Chatham,http://www.zillow.com/app?chartType=home_ownVsRent&graphType=barChart&regionId=403360&regionType=8&service=chart
,,,0,Lake Calumet,http://www.zillow.com/app?chartType=home_ownVsRent&graphType=barChart&regionId=403386&regionType=8&service=chart
,,,421900,Ukrainian Village,http://www.zillow.com/app?chartType=home_ownVsRent&graphType=barChart&regionId=403312&regionType=8&service=chart
,,,333400,West Loop Gate,http://www.zillow.com/app?chartType=home_ownVsRent&graphType=barChart&regionId=403322&regionType=8&service=chart
,,,0,Arcadia Terrace,http://www.zillow.com/app?chartType=home_ownVsRent&graphType=barChart&regionId=403255&regionType=8&service=chart
,,,312500,Andersonville,http://www.zillow.com/app?chartType=home_ownVsRent&graphType=barChart&regionId=269567&regionType=8&service=chart
0.2503866,42.05678015,36176.80324,147900,South Deering,http://www.zillow.com/app?chartType=home_ownVsRent&graphType=barChart&regionId=140440&regionType=8&service=chart
,,,0,Calumet River,http://www.zillow.com/app?chartType=home_ownVsRent&graphType=barChart&regionId=403388&regionType=8&service=chart
0.26400568,41.08105504,43519.90638,160000,Washington Heights,http://www.zillow.com/app?chartType=home_ownVsRent&graphType=barChart&regionId=269610&regionType=8&service=chart
,,,400800,New East Side,http://www.zillow.com/app?chartType=home_ownVsRent&graphType=barChart&regionId=403342&regionType=8&service=chart
,,,284000,Big Oaks,http://www.zillow.com/app?chartType=home_ownVsRent&graphType=barChart&regionId=403279&regionType=8&service=chart
,,,280000,Canaryville,http://www.zillow.com/app?chartType=home_ownVsRent&graphType=barChart&regionId=403340&regionType=8&service=chart
,,,0,West Chatham,http://www.zillow.com/app?chartType=home_ownVsRent&graphType=barChart&regionId=403357&regionType=8&service=chart
,,,250000,Union Ridge,http://www.zillow.com/app?chartType=home_ownVsRent&graphType=barChart&regionId=403278&regionType=8&service=chart
,,,340000,Irving Woods,http://www.zillow.com/app?chartType=home_ownVsRent&graphType=barChart&regionId=403281&regionType=8&service=chart
,,,0,Kelvin Park,http://www.zillow.com/app?chartType=home_ownVsRent&graphType=barChart&regionId=403315&regionType=8&service=chart
0.68137823,34.85442254,39864.81115,308000,Lincoln Square,http://www.zillow.com/app?chartType=home_ownVsRent&graphType=barChart&regionId=269591&regionType=8&service=chart
,,,0,Homan Square,http://www.zillow.com/app?chartType=home_ownVsRent&graphType=barChart&regionId=403327&regionType=8&service=chart
,,,0,Edgebrook,http://www.zillow.com/app?chartType=home_ownVsRent&graphType=barChart&regionId=51847&regionType=8&service=chart
,,,370000,Oriole Park,http://www.zillow.com/app?chartType=home_ownVsRent&graphType=barChart&regionId=403168&regionType=8&service=chart
,,,185000,West Chesterfield,http://www.zillow.com/app?chartType=home_ownVsRent&graphType=barChart&regionId=403361&regionType=8&service=chart
,,,295000,North Kenwood,http://www.zillow.com/app?chartType=home_ownVsRent&graphType=barChart&regionId=403351&regionType=8&service=chart
,,,427300,Streeterville,http://www.zillow.com/app?chartType=home_ownVsRent&graphType=barChart&regionId=403299&regionType=8&service=chart
0.82522649,34.76190361,10513.50066,0,Oakland,http://www.zillow.com/app?chartType=home_ownVsRent&graphType=barChart&regionId=274850&regionType=8&service=chart
,,,271200,West Beverly,http://www.zillow.com/app?chartType=home_ownVsRent&graphType=barChart&regionId=403374&regionType=8&service=chart
,,,383000,Bowmanville,http://www.zillow.com/app?chartType=home_ownVsRent&graphType=barChart&regionId=403263&regionType=8&service=chart
,,,0,Wildwood,http://www.zillow.com/app?chartType=home_ownVsRent&graphType=barChart&regionId=403275&regionType=8&service=chart
,,,260000,East Beverly,http://www.zillow.com/app?chartType=home_ownVsRent&graphType=barChart&regionId=403375&regionType=8&service=chart
,,,370000,Goose Island,http://www.zillow.com/app?chartType=home_ownVsRent&graphType=barChart&regionId=403298&regionType=8&service=chart
,,,0,Hanson Park,http://www.zillow.com/app?chartType=home_ownVsRent&graphType=barChart&regionId=403324&regionType=8&service=chart
,,,0,Old Norwood Park,http://www.zillow.com/app?chartType=home_ownVsRent&graphType=barChart&regionId=403277&regionType=8&service=chart
,,,395000,Lathrop Homes,http://www.zillow.com/app?chartType=home_ownVsRent&graphType=barChart&regionId=403296&regionType=8&service=chart
,,,0,Douglas Park,http://www.zillow.com/app?chartType=home_ownVsRent&graphType=barChart&regionId=403560&regionType=8&service=chart
,,,232000,Magnolia Glen,http://www.zillow.com/app?chartType=home_ownVsRent&graphType=barChart&regionId=403259&regionType=8&service=chart
,,,470000,Ranch Triangle,http://www.zillow.com/app?chartType=home_ownVsRent&graphType=barChart&regionId=403305&regionType=8&service=chart
,,,475000,Fulton River District,http://www.zillow.com/app?chartType=home_ownVsRent&graphType=barChart&regionId=403313&regionType=8&service=chart
,,,0,Vittum Park,http://www.zillow.com/app?chartType=home_ownVsRent&graphType=barChart&regionId=403333&regionType=8&service=chart
,,,375000,Wrigleyville,http://www.zillow.com/app?chartType=home_ownVsRent&graphType=barChart&regionId=403294&regionType=8&service=chart
,,,0,Ida B. Wells - Darrow Homes,http://www.zillow.com/app?chartType=home_ownVsRent&graphType=barChart&regionId=403349&regionType=8&service=chart
,,,0,Chinatown,http://www.zillow.com/app?chartType=home_ownVsRent&graphType=barChart&regionId=137799&regionType=8&service=chart
,,,0,Pulaski Park,http://www.zillow.com/app?chartType=home_ownVsRent&graphType=barChart&regionId=403269&regionType=8&service=chart
0.2310792,39.85473973,44439.41441,0,Avalon Park,http://www.zillow.com/app?chartType=home_ownVsRent&graphType=barChart&regionId=269572&regionType=8&service=chart
,,,0,Graceland West,http://www.zillow.com/app?chartType=home_ownVsRent&graphType=barChart&regionId=403267&regionType=8&service=chart
,,,0,Tri-Taylor,http://www.zillow.com/app?chartType=home_ownVsRent&graphType=barChart&regionId=403321&regionType=8&service=chart
,,,0,Ravenswood Manor,http://www.zillow.com/app?chartType=home_ownVsRent&graphType=barChart&regionId=403290&regionType=8&service=chart
,,,0,Lake Meadows,http://www.zillow.com/app?chartType=home_ownVsRent&graphType=barChart&regionId=403144&regionType=8&service=chart
,,,0,The Bush,http://www.zillow.com/app?chartType=home_ownVsRent&graphType=barChart&regionId=403359&regionType=8&service=chart
,,,0,Marynook,http://www.zillow.com/app?chartType=home_ownVsRent&graphType=barChart&regionId=403358&regionType=8&service=chart
,,,635000,West De Paul,http://www.zillow.com/app?chartType=home_ownVsRent&graphType=barChart&regionId=403309&regionType=8&service=chart
,,,340000,West Morgan Park,http://www.zillow.com/app?chartType=home_ownVsRent&graphType=barChart&regionId=403373&regionType=8&service=chart
,,,137500,Stony Island Park,http://www.zillow.com/app?chartType=home_ownVsRent&graphType=barChart&regionId=403128&regionType=8&service=chart
,,,0,Belmont Terrace,http://www.zillow.com/app?chartType=home_ownVsRent&graphType=barChart&regionId=403282&regionType=8&service=chart
,,,0,Princeton Park,http://www.zillow.com/app?chartType=home_ownVsRent&graphType=barChart&regionId=403362&regionType=8&service=chart
,,,0,Fifth City,http://www.zillow.com/app?chartType=home_ownVsRent&graphType=barChart&regionId=403319&regionType=8&service=chart
,,,0,Prairie Shores,http://www.zillow.com/app?chartType=home_ownVsRent&graphType=barChart&regionId=140000&regionType=8&service=chart
,,,0,The Gap,http://www.zillow.com/app?chartType=home_ownVsRent&graphType=barChart&regionId=403346&regionType=8&service=chart
,,,0,Edgewater Glen,http://www.zillow.com/app?chartType=home_ownVsRent&graphType=barChart&regionId=403258&regionType=8&service=chart
,,,290000,Dearborn Park,http://www.zillow.com/app?chartType=home_ownVsRent&graphType=barChart&regionId=403344&regionType=8&service=chart
,,,0,South East Ravenswood,http://www.zillow.com/app?chartType=home_ownVsRent&graphType=barChart&regionId=403293&regionType=8&service=chart
,,,0,Kennedy Park,http://www.zillow.com/app?chartType=home_ownVsRent&graphType=barChart&regionId=403371&regionType=8&service=chart
0.63968356,34.61302,19246.31792,0,Fuller Park,http://www.zillow.com/app?chartType=home_ownVsRent&graphType=barChart&regionId=269581&regionType=8&service=chart
,,,0,Cottage Grove Heights,http://www.zillow.com/app?chartType=home_ownVsRent&graphType=barChart&regionId=403383&regionType=8&service=chart
,,,0,Altgeld Gardens,http://www.zillow.com/app?chartType=home_ownVsRent&graphType=barChart&regionId=137228&regionType=8&service=chart
,,,0,Little Calumet River,http://www.zillow.com/app?chartType=home_ownVsRent&graphType=barChart&regionId=403390&regionType=8&service=chart
,,,0,O'Hare International Airport,http://www.zillow.com/app?chartType=home_ownVsRent&graphType=barChart&regionId=403159&regionType=8&service=chart
,,,218000,Printers Row,http://www.zillow.com/app?chartType=home_ownVsRent&graphType=barChart&regionId=403343&regionType=8&service=chart
,,,0,Lakewood - Balmoral,http://www.zillow.com/app?chartType=home_ownVsRent&graphType=barChart&regionId=403260&regionType=8&service=chart
,,,0,Jackson Park Highlands,http://www.zillow.com/app?chartType=home_ownVsRent&graphType=barChart&regionId=403354&regionType=8&service=chart
,,,0,LeClaire Courts,http://www.zillow.com/app?chartType=home_ownVsRent&graphType=barChart&regionId=403334&regionType=8&service=chart
,,,0,Tally's Corner,http://www.zillow.com/app?chartType=home_ownVsRent&graphType=barChart&regionId=403370&regionType=8&service=chart
,,,0,Illinois Medical District,http://www.zillow.com/app?chartType=home_ownVsRent&graphType=barChart&regionId=403328&regionType=8&service=chart
,,,0,The Robert Taylor Homes,http://www.zillow.com/app?chartType=home_ownVsRent&graphType=barChart&regionId=403350&regionType=8&service=chart
,,,0,Cabrini Green,http://www.zillow.com/app?chartType=home_ownVsRent&graphType=barChart&regionId=403302&regionType=8&service=chart
,,,0,River West,http://www.zillow.com/app?chartType=home_ownVsRent&graphType=barChart&regionId=403297&regionType=8&service=chart
0.48040254,42.19834239,33789.71281,0,Pullman,http://www.zillow.com/app?chartType=home_ownVsRent&graphType=barChart&regionId=140024&regionType=8&service=chart
,,,0,South Old Irving Park,http://www.zillow.com/app?chartType=home_ownVsRent&graphType=barChart&regionId=403316&regionType=8&service=chart
,,,0,Pill Hill,http://www.zillow.com/app?chartType=home_ownVsRent&graphType=barChart&regionId=403363&regionType=8&service=chart
,,,0,Gladstone Park,http://www.zillow.com/app?chartType=home_ownVsRent&graphType=barChart&regionId=403285&regionType=8&service=chart
,,,0,South Commons,http://www.zillow.com/app?chartType=home_ownVsRent&graphType=barChart&regionId=403345&regionType=8&service=chart
,,,0,Chrysler Village,http://www.zillow.com/app?chartType=home_ownVsRent&graphType=barChart&regionId=403336&regionType=8&service=chart
,,,0,East Pilsen,http://www.zillow.com/app?chartType=home_ownVsRent&graphType=barChart&regionId=403331&regionType=8&service=chart
,,,0,Peterson Park,http://www.zillow.com/app?chartType=home_ownVsRent&graphType=barChart&regionId=403256&regionType=8&service=chart
,,,0,Ravenswood Gardens,http://www.zillow.com/app?chartType=home_ownVsRent&graphType=barChart&regionId=403261&regionType=8&service=chart
,,,0,Parkview,http://www.zillow.com/app?chartType=home_ownVsRent&graphType=barChart&regionId=403365&regionType=8&service=chart
,,,0,Ford City,http://www.zillow.com/app?chartType=home_ownVsRent&graphType=barChart&regionId=403338&regionType=8&service=chart
,,,0,Sleepy Hollow,http://www.zillow.com/app?chartType=home_ownVsRent&graphType=barChart&regionId=403335&regionType=8&service=chart
,,,0,Golden Gate,http://www.zillow.com/app?chartType=home_ownVsRent&graphType=barChart&regionId=403380&regionType=8&service=chart
,,,0,Beverly Woods,http://www.zillow.com/app?chartType=home_ownVsRent&graphType=barChart&regionId=403372&regionType=8&service=chart
,,,0,Greektown,http://www.zillow.com/app?chartType=home_ownVsRent&graphType=barChart&regionId=403320&regionType=8&service=chart
0.10165265,32.41301801,70801.69058,0,Forest Glen,http://www.zillow.com/app?chartType=home_ownVsRent&graphType=barChart&regionId=269580&regionType=8&service=chart
,,,0,The Island,http://www.zillow.com/app?chartType=home_ownVsRent&graphType=barChart&regionId=403326&regionType=8&service=chart
,,,0,Marycrest,http://www.zillow.com/app?chartType=home_ownVsRent&graphType=barChart&regionId=403366&regionType=8&service=chart
,,,0,Eden Green,http://www.zillow.com/app?chartType=home_ownVsRent&graphType=barChart&regionId=403381&regionType=8&service=chart
,,,0,Wolf Lake,http://www.zillow.com/app?chartType=home_ownVsRent&graphType=barChart&regionId=403387&regionType=8&service=chart
,,,0,Lithuanian Plaza,http://www.zillow.com/app?chartType=home_ownVsRent&graphType=barChart&regionId=403339&regionType=8&service=chart
,,,0,Winneconna Parkway,http://www.zillow.com/app?chartType=home_ownVsRent&graphType=barChart&regionId=403364&regionType=8&service=chart
,,,0,Clearing (E),http://www.zillow.com/app?chartType=home_ownVsRent&graphType=barChart&regionId=403337&regionType=8&service=chart
,,,0,The Villa,http://www.zillow.com/app?chartType=home_ownVsRent&graphType=barChart&regionId=403289&regionType=8&service=chart
,,,0,Beverly View,http://www.zillow.com/app?chartType=home_ownVsRent&graphType=barChart&regionId=403368&regionType=8&service=chart
,,,0,Heart of Italy,http://www.zillow.com/app?chartType=home_ownVsRent&graphType=barChart&regionId=403329&regionType=8&service=chart
,,,0,Powder Horn Lake,http://www.zillow.com/app?chartType=home_ownVsRent&graphType=barChart&regionId=403389&regionType=8&service=chart
,,,0,Stateway Gardens,http://www.zillow.com/app?chartType=home_ownVsRent&graphType=barChart&regionId=403347&regionType=8&service=chart
,,,0,Mount Greenwood Heights,http://www.zillow.com/app?chartType=home_ownVsRent&graphType=barChart&regionId=403369&regionType=8&service=chart
,,,0,Parkway Gardens,http://www.zillow.com/app?chartType=home_ownVsRent&graphType=barChart&regionId=403355&regionType=8&service=chart
,,,0,Groveland Park,http://www.zillow.com/app?chartType=home_ownVsRent&graphType=barChart&regionId=403348&regionType=8&service=chart
,,,0,Chicago Midway Airport,http://www.zillow.com/app?chartType=home_ownVsRent&graphType=barChart&regionId=403332&regionType=8&service=chart
,,,0,Schorsch Forest View,http://www.zillow.com/app?chartType=home_ownVsRent&graphType=barChart&regionId=403280&regionType=8&service=chart
0.86715481,38.99730893,13469,0,Riverdale,http://www.zillow.com/app?chartType=home_ownVsRent&graphType=barChart&regionId=275192&regionType=8&service=chart
,,,0,London Towne,http://www.zillow.com/app?chartType=home_ownVsRent&graphType=barChart&regionId=403382&regionType=8&service=chart
,,,0,Harbour Point Estates,http://www.zillow.com/app?chartType=home_ownVsRent&graphType=barChart&regionId=403385&regionType=8&service=chart
,,,0,Sauganash Woods,http://www.zillow.com/app?chartType=home_ownVsRent&graphType=barChart&regionId=403272&regionType=8&service=chart
,,,0,Old Edgebrook,http://www.zillow.com/app?chartType=home_ownVsRent&graphType=barChart&regionId=403274&regionType=8&service=chart
,,,0,Brynford Park,http://www.zillow.com/app?chartType=home_ownVsRent&graphType=barChart&regionId=403270&regionType=8&service=chart
,,,0,River's Edge,http://www.zillow.com/app?chartType=home_ownVsRent&graphType=barChart&regionId=403273&regionType=8&service=chart
,,,0,Trumbull Park,http://www.zillow.com/app?chartType=home_ownVsRent&graphType=barChart&regionId=403384&regionType=8&service=chart